"Timestamp","Task Title","Task Description","Deadline ","Task Importance
","Estimated Time of Completion(Hours)","Current Workload","Preferred Time of Day to work on Tasks ","Has this task been performed before?","Task Keywords and Description ","Job Role"
"2024/08/25 2:37:06 PM GMT+5:30","Engineering Deliverables","Engineering Deliverables for Reliance EMS Project","2024-09-30","High","21:30","Heavy","Evening","No","GA Drawings preparation and IO Database preparation","Engineering"
"2024/08/30 10:59:36 AM GMT+5:30","Code Review for Module X","Review the code and identify areas for optimization in Module X.","2024-09-05","High","04:00","Moderate","Morning","Yes","Optimization, Code Review, Module X","Technology"
"2024/08/30 11:00:28 AM GMT+5:30","Budget Planning for Q4","Prepare the quarterly budget for the finance team.","2024-09-10","Critical","08:00","Heavy","Afternoon","Yes","Budget, Finance, Q4","Finance"
"2024/08/30 11:01:26 AM GMT+5:30","Patient Data Analysis","Analyze patient data to improve healthcare services.","2024-01-12","Medium","06:00","Light","Morning","No","Data Analysis, Healthcare, Patients","Healthcare"
"2024/08/30 11:02:09 AM GMT+5:30","Marketing Campaign Strategy","Develop a new strategy for the upcoming marketing campaign.","2024-09-08","High","10:00","Moderate","Evening","No","Marketing, Campaign, Strategy","Marketing"
"2024/08/30 11:03:17 AM GMT+5:30","Prepare Lecture Materials","Create and organize lecture slides for the upcoming semester.","2024-09-15","Medium","05:00","Light","Afternoon","Yes","Education, Lecture, Slides","Education"
"2024/08/30 11:03:56 AM GMT+5:30","Software Testing for New Release","Perform comprehensive testing on the new software release.","2024-09-07","Critical","00:00","Heavy","Morning","No","Software, Testing, Release","Technology"
"2024/08/30 11:04:35 AM GMT+5:30","Engineering Design Review","Review the engineering design plans for the upcoming project.","2024-09-11","High","07:00","Moderate","Afternoon","Yes","Engineering, Design, Review","Engineering"
"2024/08/30 11:05:21 AM GMT+5:30","Performance Evaluation Reports","Compile performance evaluation reports for the management team.","2024-09-06","Medium","04:00","Light","Evening","Yes","Evaluation, Reports, Management","Management"
"2024/08/30 11:06:03 AM GMT+5:30","Create Social Media Calendar","Develop a content calendar for the social media team.","2024-09-09","Medium","06:00","Moderate","Morning","Yes","Social Media, Content, Calendar","Marketing"
"2024/08/30 11:06:49 AM GMT+5:30","Update Financial Projections","Update the financial projections for the upcoming fiscal year.","2024-09-14","Critical","10:00","Heavy","Afternoon","No","Finance, Projections, Fiscal Year","Finance"
"2024/08/30 11:07:26 AM GMT+5:30","Conduct Training Session","Prepare and conduct a training session for new employees.","2024-09-13","High","08:00","Moderate","Morning","Yes","Training, Employees, Preparation","Management"
"2024/08/30 11:07:59 AM GMT+5:30","Market Research Analysis","Analyze market research data for the upcoming product launch.","2024-09-16","Medium","06:00","Light","Afternoon","No","Market Research, Data Analysis, Product Launch","Marketing"
"2024/08/30 11:08:52 AM GMT+5:30","Legal Document Review","Review legal documents related to the new business contract.","2024-09-04","Critical","05:00","Heavy","Morning","Yes","Legal, Document Review, Contract","Legal"
"2024/08/30 11:09:32 AM GMT+5:30","Technical Documentation Writing","Write detailed technical documentation for the latest software release.","2024-09-10","High","06:00","Moderate","Evening","No","Documentation, Software Release, Technical Writing","Technology"
"2024/08/30 11:10:08 AM GMT+5:30","Customer Feedback Analysis","Analyze customer feedback to improve product features.","2024-09-18","Medium","04:00","Light","Morning","Yes","Feedback, Analysis, Product Improvement","Marketing"
"2024/08/30 11:10:48 AM GMT+5:30","Database Optimization","Optimize the database for faster query execution.","2024-09-17","High","07:00","Heavy","Afternoon","Yes","Database, Optimization, Query Performance","Technology"
"2024/08/30 11:11:22 AM GMT+5:30","Employee Onboarding Process","Set up and document the onboarding process for new hires.","2024-09-12","Medium","05:00","Light","Morning","No","Onboarding, Employees, HR Process","Management"
"2024/08/30 11:12:01 AM GMT+5:30","Website Redesign Planning","Plan the redesign of the company website to improve user experience.","2024-09-19","High","09:00","Moderate","Evening","No","Website, Redesign, User Experience","Technology"
"2024/08/30 11:12:37 AM GMT+5:30","Financial Risk Assessment","Assess the financial risks associated with the new project proposal.","2024-09-21","Critical","08:00","Heavy","Afternoon","No","Financial, Risk Assessment, Project Proposal","Finance"
"2024/08/30 11:13:12 AM GMT+5:30","Mobile App Testing","Test the latest version of the mobile app for bugs and performance issues.","2024-09-20","High","06:00","Moderate","Morning","Yes","Mobile App, Testing, Bugs, Performance","Technology"
"2024/08/30 11:13:43 AM GMT+5:30","Customer Support Ticket Resolution","Resolve high-priority customer support tickets.","2024-09-11","Critical","03:00","Heavy","Afternoon","Yes","Customer Support, Ticket Resolution, High Priority","Technology"
"2024/08/30 11:14:19 AM GMT+5:30","Create Marketing Personas","Develop marketing personas based on recent customer data.","2024-09-14","Medium","05:00","Moderate","Evening","No","Marketing, Personas, Customer Data","Marketing"
"2024/08/30 11:14:53 AM GMT+5:30","Design Prototype for New Feature","Create a design prototype for the new app feature.","2024-09-15","High","08:00","Light","Morning","No","Design, Prototype, New Feature","Technology"
"2024/08/30 11:15:35 AM GMT+5:30","Internal Audit Report Preparation","Prepare the internal audit report for the upcoming review.","2024-09-13","Critical","09:00","Heavy","Afternoon","Yes","Audit, Report, Internal Review","Finance"
"2024/08/30 11:16:06 AM GMT+5:30","Customer Satisfaction Survey Analysis","Analyze the results from the recent customer satisfaction survey.","2024-09-18","Medium","04:00","Light","Morning","Yes","Survey, Customer Satisfaction, Analysis","Marketing"
"2024/08/30 11:16:44 AM GMT+5:30","Code Refactoring for Efficiency","Refactor the existing codebase to improve performance and efficiency.","2024-09-19","High","10:00","Moderate","Evening","Yes","Code Refactoring, Efficiency, Performance","Technology"
"2024/08/30 11:17:18 AM GMT+5:30","Legal Document Review","Review legal documents for the upcoming merger.","2024-09-20","Critical","06:00","Heavy","Afternoon","Yes","Legal, Documents, Merger","Management"
"2024/08/30 11:20:29 AM GMT+5:30","Vendor Contract Negotiation","Negotiate terms with new vendors for the supply chain.","2024-09-16","High","05:00","Moderate","Morning","No","Vendor, Contract, Negotiation","Management"
"2024/08/30 11:21:05 AM GMT+5:30","New Product Launch Strategy","Develop a comprehensive strategy for the upcoming product launch.","2024-09-18","Critical","10:00","Light","Evening","No","Product Launch, Strategy, Marketing","Marketing"
"2024/08/30 11:22:21 AM GMT+5:30","Software Security Audit","Conduct a security audit of the software to identify vulnerabilities.","2024-09-22","Critical","08:00","Heavy","Afternoon","Yes","Security, Audit, Vulnerabilities","Technology"
"2024/08/30 11:59:36 AM GMT+5:30","Employee Onboarding","Complete the onboarding process for new hires.","2024-09-14","Critical","04:00","Overwhelmed","Morning","Yes","Onboarding, HR, Employees","HR"
"2024/08/30 12:00:34 PM GMT+5:30","Payroll Processing","Process payroll for all employees.","2024-09-15","High","03:00","Heavy","Afternoon","Yes","Payroll, HR, Finance","HR"
"2024/08/30 12:01:15 PM GMT+5:30","Graphic Design for Marketing Campaign","Create promotional materials for an upcoming marketing campaign.","2024-09-17","Medium","05:00","Moderate","Evening","No","Design, Marketing, Promotion","Graphic Design"
"2024/08/30 12:01:52 PM GMT+5:30","SCADA System Configuration","Configure SCADA system for a new industrial plant.","2024-09-20","Critical","00:00","Heavy","Afternoon","Yes","SCADA, Configuration, Industrial Plant","Technology"
"2024/08/30 12:02:31 PM GMT+5:30","Power System Analysis","Perform analysis of the power system for a utility client.","2024-09-25","High","10:00","Moderate","Morning","No","Power System, Analysis, Utility","Engineering"
"2024/08/30 12:03:08 PM GMT+5:30","Client Meeting Preparation","Prepare presentation materials for the upcoming client meeting.","2024-09-12","Medium","02:00","Light","Morning","Yes","Client, Presentation, Meeting","Admin"
"2024/08/30 12:03:49 PM GMT+5:30","Safety Compliance Audit","Conduct a safety compliance audit for the plant.","2024-09-22","Critical","08:00","Heavy","Afternoon","No","Safety, Compliance, Audit","Engineering"
"2024/08/30 12:04:28 PM GMT+5:30","Annual Budget Planning","Plan the annual budget for the next fiscal year.","2024-09-30","High","06:00","Moderate","Morning","Yes","Budget, Planning, Finance","Finance"
"2024/08/30 12:05:01 PM GMT+5:30","Employee Training Session","Conduct a training session for new employees on safety protocols.","2024-09-18","Medium","04:00","Light","Afternoon","Yes","Training, Safety, Employees","HR"
"2024/08/30 12:05:38 PM GMT+5:30","Design Electrical Layout","Design the electrical layout for a new industrial plant.","2024-09-27","Critical","14:00","Heavy","Morning","Yes","Electrical Layout, Design, Industrial Plant","Engineering"
"2024/08/30 12:06:13 PM GMT+5:30","Schedule Maintenance for Industrial Equipment","Organize and schedule maintenance for key industrial equipment.","2024-09-21","High","07:00","Heavy","Afternoon","Yes","Maintenance, Equipment, Industrial","Engineering"
"2024/08/30 12:06:52 PM GMT+5:30","Employee Benefits Review","Conduct a review of employee benefits packages.","2024-09-30","Medium","05:00","Moderate","Morning","Yes","Benefits, HR, Review","HR"
"2024/08/30 12:07:26 PM GMT+5:30","Vendor Contract Renewal","Review and renew contracts with key vendors.","2024-09-25","High","03:00","Light","Afternoon","Yes","Vendor, Contract, Review","Management"
"2024/08/30 12:07:58 PM GMT+5:30","Financial Report Preparation","Prepare monthly financial reports for management review.","2024-09-20","Critical","06:00","Heavy","Morning","Yes","Finance, Report, Review","Finance"
"2024/08/30 12:08:36 PM GMT+5:30","Marketing Strategy Development","Create a new marketing strategy for a product launch.","2024-09-18","High","10:00","Moderate","Evening","No","Marketing, Strategy, Product Launch","Marketing"
"2024/08/30 12:09:07 PM GMT+5:30","SCADA System Testing","Perform testing of the SCADA system for a utility plant.","2024-09-22","Critical","08:00","Heavy","Afternoon","Yes","SCADA, Testing, Utility","Technology"
"2024/08/30 12:09:41 PM GMT+5:30","Network Security Audit","Conduct a security audit of the company's network.","2024-09-16","High","04:00","Moderate","Morning","Yes","Security, Audit, Network","Technology"
"2024/08/30 12:10:47 PM GMT+5:30","Performance Review Feedback","Provide feedback on employee performance reviews.","2024-09-19","Medium","03:00","Light","Afternoon","Yes","Performance, Review, Feedback","HR"
"2024/08/30 12:11:44 PM GMT+5:30","Graphic Design for Annual Report","Design the layout and graphics for the annual company report.","2024-09-28","High","09:00","Heavy","Morning","No","Design, Report, Annual",": Graphic Design"
"2024/08/30 12:12:21 PM GMT+5:30","Power System Design Review","Review the design of the power system for a new industrial plant.","2024-09-21","Critical","10:00","Moderate","Afternoon","Yes","Power System, Design, Industrial Plant","Engineering"
"2024/08/30 12:12:58 PM GMT+5:30","Social Media Marketing Campaign","Plan and execute a social media campaign for brand awareness.","2024-09-23","Medium","06:00","Moderate","Evening","No","Social Media, Marketing, Campaign","Marketing"
"2024/08/30 12:13:28 PM GMT+5:30","Electrical SCADA System Upgrade","Plan and execute the upgrade of the electrical SCADA system.","2024-09-26","Critical","00:00","Heavy","Afternoon","No","SCADA, Upgrade, Electrical","Technology"
"2024/08/30 12:14:04 PM GMT+5:30","New Hire Orientation Presentation","Create and present orientation materials for new hires.","2024-09-18","Medium","03:00","Light","Morning","Yes","Orientation, New Hire, Presentation","HR"
"2024/08/30 12:14:45 PM GMT+5:30","Industrial Equipment Procurement","Handle the procurement of new industrial equipment for a project.","2024-09-28","High","08:00","Moderate","Morning","Yes","Procurement, Equipment, Industrial","Management"
"2024/08/30 12:15:17 PM GMT+5:30","HR Policy Revision","Revise HR policies for the upcoming fiscal year.","2024-09-24","Medium","05:00","Light","Afternoon","No","HR, Policy, Revision","HR"
"2024/08/30 12:15:52 PM GMT+5:30","Graphic Design for New Marketing Campaign","Create visual designs for the new marketing campaign.","2024-09-25","High","07:00","Heavy","Evening","No","Design, Marketing, Campaign","Graphic Design"
"2024/08/30 12:16:25 PM GMT+5:30","SCADA System Maintenance","Perform routine maintenance on the SCADA system at a power plant.","2024-09-22","Critical","08:00","Heavy","Morning","Yes","SCADA, Maintenance, Power Plant","Engineering"
"2024/08/30 12:17:09 PM GMT+5:30","Budget Analysis for New Project","Analyze the budget requirements for the upcoming project.","2024-09-20","High","06:00","Moderate","Afternoon","Yes","Budget, Analysis, Project","Finance"
"2024/08/30 12:17:49 PM GMT+5:30","Employee Training Program Development","Develop a new employee training program for safety protocols.","2024-09-27","Medium","05:00","Light","Morning","No","Training, Safety, Program","HR"
"2024/08/30 12:18:22 PM GMT+5:30","Marketing Performance Report","Compile and analyze performance data from recent marketing campaigns.","2024-09-23","High","07:00","Heavy","Evening","Yes","Marketing, Performance, Report","Marketing"
"2024/08/30 12:18:59 PM GMT+5:30","IT Infrastructure Upgrade","Upgrade the company's IT infrastructure to improve performance and security.","2024-09-29","Critical","00:00","Heavy","Morning","No","IT, Infrastructure, Upgrade","Technology"
"2024/08/30 12:19:38 PM GMT+5:30","Graphic Design for Internal Newsletter","Design graphics for the company's internal newsletter.","2024-09-21","Medium","05:00","Moderate","Afternoon","Yes","Design, Newsletter, Graphics","Graphic Design"